,index,STATION,DATE,TMAX,TMIN,YEAR,MONTH,DAY
32893,32893,USW00013810,2011-01-01 00:00:00,63.0,28.0,2011,1,1
16369,16369,USW00093821,2006-01-02 00:00:00,72.0,49.0,2006,1,2
15639,15639,USW00093821,2004-01-03 00:00:00,69.0,61.0,2004,1,3
15640,15640,USW00093821,2004-01-04 00:00:00,69.0,45.0,2004,1,4
16737,16737,USW00093821,2007-01-05 00:00:00,68.0,56.0,2007,1,5
17103,17103,USW00093821,2008-01-06 00:00:00,64.0,50.0,2008,1,6
17104,17104,USW00093821,2008-01-07 00:00:00,71.0,63.0,2008,1,7
31805,31805,USW00013810,2008-01-08 00:00:00,79.0,56.0,2008,1,8
16376,16376,USW00093821,2006-01-09 00:00:00,63.0,37.0,2006,1,9
20760,20760,USW00093821,2018-01-10 00:00:00,63.0,42.0,2018,1,10
18935,18935,USW00093821,2013-01-11 00:00:00,68.0,54.0,2013,1,11
16014,16014,USW00093821,2005-01-12 00:00:00,70.0,62.0,2005,1,12
62248,62248,USC00154955,2017-01-13 00:00:00,70.0,35.0,2017,1,13
60802,60802,USC00154955,2013-01-14 00:00:00,67.0,31.0,2013,1,14
16747,16747,USW00093821,2007-01-15 00:00:00,65.0,34.0,2007,1,15
33273,33273,USW00013810,2012-01-16 00:00:00,60.0,32.0,2012,1,16
20402,20402,USW00093821,2017-01-17 00:00:00,65.0,45.0,2017,1,17
62253,62253,USC00154955,2017-01-18 00:00:00,63.0,44.0,2017,1,18
16386,16386,USW00093821,2006-01-19 00:00:00,63.0,34.0,2006,1,19
16387,16387,USW00093821,2006-01-20 00:00:00,65.0,54.0,2006,1,20
68294,68294,USC00154958,2017-01-21 00:00:00,69.0,51.0,2017,1,21
62257,62257,USC00154955,2017-01-22 00:00:00,67.0,41.0,2017,1,22
17486,17486,USW00093821,2009-01-23 00:00:00,61.0,33.0,2009,1,23
62259,62259,USC00154955,2017-01-24 00:00:00,56.0,40.0,2017,1,24
20410,20410,USW00093821,2017-01-25 00:00:00,63.0,37.0,2017,1,25
62261,62261,USC00154955,2017-01-26 00:00:00,63.0,35.0,2017,1,26
62624,62624,USC00154955,2018-01-27 00:00:00,60.0,35.0,2018,1,27
16395,16395,USW00093821,2006-01-28 00:00:00,63.0,46.0,2006,1,28
18953,18953,USW00093821,2013-01-29 00:00:00,67.0,55.0,2013,1,29
18954,18954,USW00093821,2013-01-30 00:00:00,71.0,33.0,2013,1,30
60819,60819,USC00154955,2013-01-31 00:00:00,71.0,30.0,2013,1,31
61904,61904,USC00154955,2016-02-01 00:00:00,67.0,33.0,2016,2,1
34750,34750,USW00013810,2016-02-02 00:00:00,70.0,40.0,2016,2,2
61906,61906,USC00154955,2016-02-03 00:00:00,69.0,38.0,2016,2,3
17132,17132,USW00093821,2008-02-04 00:00:00,67.0,50.0,2008,2,4
17133,17133,USW00093821,2008-02-05 00:00:00,70.0,58.0,2008,2,5
17134,17134,USW00093821,2008-02-06 00:00:00,70.0,37.0,2008,2,6
60826,60826,USC00154955,2013-02-07 00:00:00,68.0,30.0,2013,2,7
60827,60827,USC00154955,2013-02-08 00:00:00,68.0,34.0,2013,2,8
17503,17503,USW00093821,2009-02-09 00:00:00,70.0,39.0,2009,2,9
17504,17504,USW00093821,2009-02-10 00:00:00,64.0,55.0,2009,2,10
20427,20427,USW00093821,2017-02-11 00:00:00,68.0,54.0,2017,2,11
20428,20428,USW00093821,2017-02-12 00:00:00,68.0,41.0,2017,2,12
62279,62279,USC00154955,2017-02-13 00:00:00,66.0,31.0,2017,2,13
20795,20795,USW00093821,2018-02-14 00:00:00,63.0,43.0,2018,2,14
20796,20796,USW00093821,2018-02-15 00:00:00,74.0,62.0,2018,2,15
20797,20797,USW00093821,2018-02-16 00:00:00,71.0,38.0,2018,2,16
20433,20433,USW00093821,2017-02-17 00:00:00,71.0,47.0,2017,2,17
18242,18242,USW00093821,2011-02-18 00:00:00,71.0,43.0,2011,2,18
20800,20800,USW00093821,2018-02-19 00:00:00,78.0,48.0,2018,2,19
20801,20801,USW00093821,2018-02-20 00:00:00,82.0,66.0,2018,2,20
62646,62646,USC00154955,2018-02-21 00:00:00,82.0,56.0,2018,2,21
20438,20438,USW00093821,2017-02-22 00:00:00,73.0,57.0,2017,2,22
20439,20439,USW00093821,2017-02-23 00:00:00,72.0,61.0,2017,2,23
20440,20440,USW00093821,2017-02-24 00:00:00,81.0,54.0,2017,2,24
62650,62650,USC00154955,2018-02-25 00:00:00,65.0,50.0,2018,2,25
32219,32219,USW00013810,2009-02-26 00:00:00,67.0,50.0,2009,2,26
18251,18251,USW00093821,2011-02-27 00:00:00,68.0,37.0,2011,2,27
18252,18252,USW00093821,2011-02-28 00:00:00,71.0,34.0,2011,2,28
33316,33316,USW00013810,2012-02-29 00:00:00,71.0,58.0,2012,2,29
16427,16427,USW00093821,2006-03-01 00:00:00,74.0,49.0,2006,3,1
33318,33318,USW00013810,2012-03-02 00:00:00,76.0,42.0,2012,3,2
17160,17160,USW00093821,2008-03-03 00:00:00,73.0,41.0,2008,3,3
15700,15700,USW00093821,2004-03-04 00:00:00,75.0,51.0,2004,3,4
15701,15701,USW00093821,2004-03-05 00:00:00,71.0,54.0,2004,3,5
60496,60496,USC00154955,2012-03-06 00:00:00,72.0,27.0,2012,3,6
17529,17529,USW00093821,2009-03-07 00:00:00,76.0,55.0,2009,3,7
20087,20087,USW00093821,2016-03-08 00:00:00,76.0,53.0,2016,3,8
61941,61941,USC00154955,2016-03-09 00:00:00,76.0,56.0,2016,3,9
17532,17532,USW00093821,2009-03-10 00:00:00,78.0,52.0,2009,3,10
19359,19359,USW00093821,2014-03-11 00:00:00,77.0,51.0,2014,3,11
61223,61223,USC00154955,2014-03-12 00:00:00,78.0,46.0,2014,3,12
16804,16804,USW00093821,2007-03-13 00:00:00,81.0,53.0,2007,3,13
18632,18632,USW00093821,2012-03-14 00:00:00,82.0,53.0,2012,3,14
18633,18633,USW00093821,2012-03-15 00:00:00,83.0,60.0,2012,3,15
61948,61948,USC00154955,2016-03-16 00:00:00,82.0,52.0,2016,3,16
60507,60507,USC00154955,2012-03-17 00:00:00,81.0,52.0,2012,3,17
18636,18636,USW00093821,2012-03-18 00:00:00,82.0,58.0,2012,3,18
60509,60509,USC00154955,2012-03-19 00:00:00,88.0,58.0,2012,3,19
33336,33336,USW00013810,2012-03-20 00:00:00,86.0,65.0,2012,3,20
18639,18639,USW00093821,2012-03-21 00:00:00,85.0,64.0,2012,3,21
60512,60512,USC00154955,2012-03-22 00:00:00,85.0,62.0,2012,3,22
60156,60156,USC00154955,2011-03-23 00:00:00,84.0,52.0,2011,3,23
16815,16815,USW00093821,2007-03-24 00:00:00,82.0,59.0,2007,3,24
16816,16816,USW00093821,2007-03-25 00:00:00,85.0,56.0,2007,3,25
16817,16817,USW00093821,2007-03-26 00:00:00,84.0,61.0,2007,3,26
16818,16818,USW00093821,2007-03-27 00:00:00,83.0,61.0,2007,3,27
15724,15724,USW00093821,2004-03-28 00:00:00,83.0,57.0,2004,3,28
18647,18647,USW00093821,2012-03-29 00:00:00,73.0,52.0,2012,3,29
18648,18648,USW00093821,2012-03-30 00:00:00,83.0,54.0,2012,3,30
17918,17918,USW00093821,2010-03-31 00:00:00,79.0,43.0,2010,3,31
17919,17919,USW00093821,2010-04-01 00:00:00,84.0,55.0,2010,4,1
17920,17920,USW00093821,2010-04-02 00:00:00,85.0,59.0,2010,4,2
60524,60524,USC00154955,2012-04-03 00:00:00,89.0,55.0,2012,4,3
18653,18653,USW00093821,2012-04-04 00:00:00,81.0,58.0,2012,4,4
17923,17923,USW00093821,2010-04-05 00:00:00,85.0,63.0,2010,4,5
17924,17924,USW00093821,2010-04-06 00:00:00,87.0,68.0,2010,4,6
16464,16464,USW00093821,2006-04-07 00:00:00,81.0,54.0,2006,4,7
18291,18291,USW00093821,2011-04-08 00:00:00,85.0,64.0,2011,4,8
19023,19023,USW00093821,2013-04-09 00:00:00,84.0,62.0,2013,4,9
18293,18293,USW00093821,2011-04-10 00:00:00,90.0,62.0,2011,4,10
60889,60889,USC00154955,2013-04-11 00:00:00,84.0,66.0,2013,4,11
20852,20852,USW00093821,2018-04-12 00:00:00,83.0,59.0,2018,4,12
16470,16470,USW00093821,2006-04-13 00:00:00,85.0,59.0,2006,4,13
16471,16471,USW00093821,2006-04-14 00:00:00,88.0,65.0,2006,4,14
16472,16472,USW00093821,2006-04-15 00:00:00,86.0,69.0,2006,4,15
17934,17934,USW00093821,2010-04-16 00:00:00,83.0,59.0,2010,4,16
60895,60895,USC00154955,2013-04-17 00:00:00,85.0,57.0,2013,4,17
20128,20128,USW00093821,2016-04-18 00:00:00,87.0,54.0,2016,4,18
20129,20129,USW00093821,2016-04-19 00:00:00,86.0,58.0,2016,4,19
20130,20130,USW00093821,2016-04-20 00:00:00,86.0,61.0,2016,4,20
61984,61984,USC00154955,2016-04-21 00:00:00,85.0,56.0,2016,4,21
16844,16844,USW00093821,2007-04-22 00:00:00,82.0,51.0,2007,4,22
17211,17211,USW00093821,2008-04-23 00:00:00,84.0,58.0,2008,4,23
17577,17577,USW00093821,2009-04-24 00:00:00,87.0,62.0,2009,4,24
17578,17578,USW00093821,2009-04-25 00:00:00,87.0,70.0,2009,4,25
17579,17579,USW00093821,2009-04-26 00:00:00,88.0,62.0,2009,4,26
17580,17580,USW00093821,2009-04-27 00:00:00,86.0,69.0,2009,4,27
33375,33375,USW00013810,2012-04-28 00:00:00,82.0,52.0,2012,4,28
20504,20504,USW00093821,2017-04-29 00:00:00,86.0,65.0,2017,4,29
16852,16852,USW00093821,2007-04-30 00:00:00,89.0,58.0,2007,4,30
64741,64741,USC00154958,2007-05-01 00:00:00,86.0,63.0,2007,5,1
33379,33379,USW00013810,2012-05-02 00:00:00,90.0,71.0,2012,5,2
60910,60910,USC00154955,2013-05-03 00:00:00,89.0,53.0,2013,5,3
60555,60555,USC00154955,2012-05-04 00:00:00,93.0,66.0,2012,5,4
19414,19414,USW00093821,2014-05-05 00:00:00,89.0,54.0,2014,5,5
60557,60557,USC00154955,2012-05-06 00:00:00,95.0,67.0,2012,5,6
17955,17955,USW00093821,2010-05-07 00:00:00,88.0,60.0,2010,5,7
19782,19782,USW00093821,2015-05-08 00:00:00,88.0,63.0,2015,5,8
61640,61640,USC00154955,2015-05-09 00:00:00,88.0,63.0,2015,5,9
16862,16862,USW00093821,2007-05-10 00:00:00,87.0,67.0,2007,5,10
18324,18324,USW00093821,2011-05-11 00:00:00,90.0,68.0,2011,5,11
20882,20882,USW00093821,2018-05-12 00:00:00,89.0,71.0,2018,5,12
20883,20883,USW00093821,2018-05-13 00:00:00,89.0,69.0,2018,5,13
20884,20884,USW00093821,2018-05-14 00:00:00,92.0,72.0,2018,5,14
62729,62729,USC00154955,2018-05-15 00:00:00,92.0,69.0,2018,5,15
62730,62730,USC00154955,2018-05-16 00:00:00,91.0,69.0,2018,5,16
62731,62731,USC00154955,2018-05-17 00:00:00,89.0,64.0,2018,5,17
62732,62732,USC00154955,2018-05-18 00:00:00,89.0,64.0,2018,5,18
62733,62733,USC00154955,2018-05-19 00:00:00,90.0,64.0,2018,5,19
20890,20890,USW00093821,2018-05-20 00:00:00,91.0,67.0,2018,5,20
60928,60928,USC00154955,2013-05-21 00:00:00,90.0,68.0,2013,5,21
15779,15779,USW00093821,2004-05-22 00:00:00,88.0,73.0,2004,5,22
17971,17971,USW00093821,2010-05-23 00:00:00,90.0,62.0,2010,5,23
17972,17972,USW00093821,2010-05-24 00:00:00,89.0,70.0,2010,5,24
60576,60576,USC00154955,2012-05-25 00:00:00,93.0,65.0,2012,5,25
33403,33403,USW00013810,2012-05-26 00:00:00,93.0,71.0,2012,5,26
60578,60578,USC00154955,2012-05-27 00:00:00,97.0,73.0,2012,5,27
33405,33405,USW00013810,2012-05-28 00:00:00,93.0,74.0,2012,5,28
18342,18342,USW00093821,2011-05-29 00:00:00,93.0,69.0,2011,5,29
60223,60223,USC00154955,2011-05-30 00:00:00,95.0,74.0,2011,5,30
60224,60224,USC00154955,2011-05-31 00:00:00,97.0,75.0,2011,5,31
18345,18345,USW00093821,2011-06-01 00:00:00,92.0,75.0,2011,6,1
20903,20903,USW00093821,2018-06-02 00:00:00,91.0,70.0,2018,6,2
20539,20539,USW00093821,2017-06-03 00:00:00,90.0,62.0,2017,6,3
18348,18348,USW00093821,2011-06-04 00:00:00,95.0,68.0,2011,6,4
17254,17254,USW00093821,2008-06-05 00:00:00,93.0,76.0,2008,6,5
17255,17255,USW00093821,2008-06-06 00:00:00,94.0,76.0,2008,6,6
60231,60231,USC00154955,2011-06-07 00:00:00,96.0,75.0,2011,6,7
17257,17257,USW00093821,2008-06-08 00:00:00,94.0,76.0,2008,6,8
17258,17258,USW00093821,2008-06-09 00:00:00,95.0,78.0,2008,6,9
60234,60234,USC00154955,2011-06-10 00:00:00,95.0,74.0,2011,6,10
19816,19816,USW00093821,2015-06-11 00:00:00,93.0,70.0,2015,6,11
20183,20183,USW00093821,2016-06-12 00:00:00,95.0,74.0,2016,6,12
20549,20549,USW00093821,2017-06-13 00:00:00,94.0,73.0,2017,6,13
17993,17993,USW00093821,2010-06-14 00:00:00,94.0,73.0,2010,6,14
17994,17994,USW00093821,2010-06-15 00:00:00,94.0,73.0,2010,6,15
34885,34885,USW00013810,2016-06-16 00:00:00,96.0,68.0,2016,6,16
62040,62040,USC00154955,2016-06-17 00:00:00,96.0,66.0,2016,6,17
34156,34156,USW00013810,2014-06-18 00:00:00,95.0,75.0,2014,6,18
34157,34157,USW00013810,2014-06-19 00:00:00,96.0,78.0,2014,6,19
17999,17999,USW00093821,2010-06-20 00:00:00,94.0,71.0,2010,6,20
18000,18000,USW00093821,2010-06-21 00:00:00,95.0,80.0,2010,6,21
61684,61684,USC00154955,2015-06-22 00:00:00,96.0,71.0,2015,6,22
18002,18002,USW00093821,2010-06-23 00:00:00,94.0,80.0,2010,6,23
18734,18734,USW00093821,2012-06-24 00:00:00,94.0,73.0,2012,6,24
30879,30879,USW00013810,2005-06-25 00:00:00,95.0,69.0,2005,6,25
16179,16179,USW00093821,2005-06-26 00:00:00,95.0,73.0,2005,6,26
18006,18006,USW00093821,2010-06-27 00:00:00,94.0,79.0,2010,6,27
18738,18738,USW00093821,2012-06-28 00:00:00,103.0,67.0,2012,6,28
18739,18739,USW00093821,2012-06-29 00:00:00,105.0,78.0,2012,6,29
60612,60612,USC00154955,2012-06-30 00:00:00,106.0,80.0,2012,6,30
60613,60613,USC00154955,2012-07-01 00:00:00,104.0,75.0,2012,7,1
60614,60614,USC00154955,2012-07-02 00:00:00,104.0,74.0,2012,7,2
18743,18743,USW00093821,2012-07-03 00:00:00,97.0,73.0,2012,7,3
18744,18744,USW00093821,2012-07-04 00:00:00,102.0,76.0,2012,7,4
18745,18745,USW00093821,2012-07-05 00:00:00,104.0,78.0,2012,7,5
60616,60616,USC00154955,2012-07-06 00:00:00,104.0,81.0,2012,7,6
18747,18747,USW00093821,2012-07-07 00:00:00,106.0,80.0,2012,7,7
60618,60618,USC00154955,2012-07-08 00:00:00,108.0,80.0,2012,7,8
60263,60263,USC00154955,2011-07-09 00:00:00,97.0,72.0,2011,7,9
60264,60264,USC00154955,2011-07-10 00:00:00,100.0,71.0,2011,7,10
60265,60265,USC00154955,2011-07-11 00:00:00,99.0,78.0,2011,7,11
60622,60622,USC00154955,2012-07-12 00:00:00,99.0,71.0,2012,7,12
19483,19483,USW00093821,2014-07-13 00:00:00,97.0,73.0,2014,7,13
61347,61347,USC00154955,2014-07-14 00:00:00,97.0,75.0,2014,7,14
31264,31264,USW00013810,2006-07-15 00:00:00,105.0,71.0,2006,7,15
18025,18025,USW00093821,2010-07-16 00:00:00,95.0,77.0,2010,7,16
31266,31266,USW00013810,2006-07-17 00:00:00,102.0,72.0,2006,7,17
18758,18758,USW00093821,2012-07-18 00:00:00,99.0,75.0,2012,7,18
18759,18759,USW00093821,2012-07-19 00:00:00,99.0,73.0,2012,7,19
17299,17299,USW00093821,2008-07-20 00:00:00,97.0,74.0,2008,7,20
20587,20587,USW00093821,2017-07-21 00:00:00,97.0,80.0,2017,7,21
20588,20588,USW00093821,2017-07-22 00:00:00,97.0,81.0,2017,7,22
62438,62438,USC00154955,2017-07-23 00:00:00,98.0,82.0,2017,7,23
66652,66652,USC00154958,2012-07-24 00:00:00,100.0,78.0,2012,7,24
66653,66653,USC00154958,2012-07-25 00:00:00,102.0,75.0,2012,7,25
60631,60631,USC00154955,2012-07-26 00:00:00,103.0,78.0,2012,7,26
60632,60632,USC00154955,2012-07-27 00:00:00,100.0,77.0,2012,7,27
60282,60282,USC00154955,2011-07-28 00:00:00,99.0,78.0,2011,7,28
60283,60283,USC00154955,2011-07-29 00:00:00,96.0,80.0,2011,7,29
61722,61722,USC00154955,2015-07-30 00:00:00,95.0,76.0,2015,7,30
18405,18405,USW00093821,2011-07-31 00:00:00,96.0,75.0,2011,7,31
15119,15119,USW00093821,2002-08-01 00:00:00,97.0,73.0,2002,8,1
16216,16216,USW00093821,2005-08-02 00:00:00,97.0,71.0,2005,8,2
15121,15121,USW00093821,2002-08-03 00:00:00,100.0,75.0,2002,8,3
18044,18044,USW00093821,2010-08-04 00:00:00,102.0,83.0,2010,8,4
15123,15123,USW00093821,2002-08-05 00:00:00,100.0,74.0,2002,8,5
16950,16950,USW00093821,2007-08-06 00:00:00,99.0,80.0,2007,8,6
16951,16951,USW00093821,2007-08-07 00:00:00,101.0,81.0,2007,8,7
16952,16952,USW00093821,2007-08-08 00:00:00,102.0,81.0,2007,8,8
16953,16953,USW00093821,2007-08-09 00:00:00,102.0,82.0,2007,8,9
18050,18050,USW00093821,2010-08-10 00:00:00,100.0,81.0,2010,8,10
30926,30926,USW00013810,2005-08-11 00:00:00,98.0,75.0,2005,8,11
18052,18052,USW00093821,2010-08-12 00:00:00,100.0,78.0,2010,8,12
18053,18053,USW00093821,2010-08-13 00:00:00,100.0,79.0,2010,8,13
18054,18054,USW00093821,2010-08-14 00:00:00,99.0,77.0,2010,8,14
16959,16959,USW00093821,2007-08-15 00:00:00,103.0,75.0,2007,8,15
16960,16960,USW00093821,2007-08-16 00:00:00,105.0,72.0,2007,8,16
20614,20614,USW00093821,2017-08-17 00:00:00,96.0,74.0,2017,8,17
62464,62464,USC00154955,2017-08-18 00:00:00,95.0,76.0,2017,8,18
16963,16963,USW00093821,2007-08-19 00:00:00,96.0,70.0,2007,8,19
16964,16964,USW00093821,2007-08-20 00:00:00,98.0,75.0,2007,8,20
15139,15139,USW00093821,2002-08-21 00:00:00,94.0,70.0,2002,8,21
15140,15140,USW00093821,2002-08-22 00:00:00,98.0,74.0,2002,8,22
16967,16967,USW00093821,2007-08-23 00:00:00,99.0,78.0,2007,8,23
16968,16968,USW00093821,2007-08-24 00:00:00,99.0,77.0,2007,8,24
61024,61024,USC00154955,2013-08-25 00:00:00,95.0,67.0,2013,8,25
61025,61025,USC00154955,2013-08-26 00:00:00,97.0,67.0,2013,8,26
60662,60662,USC00154955,2012-08-27 00:00:00,95.0,70.0,2012,8,27
16972,16972,USW00093821,2007-08-28 00:00:00,98.0,73.0,2007,8,28
16973,16973,USW00093821,2007-08-29 00:00:00,96.0,72.0,2007,8,29
18070,18070,USW00093821,2010-08-30 00:00:00,95.0,76.0,2010,8,30
18436,18436,USW00093821,2011-08-31 00:00:00,96.0,67.0,2011,8,31
60316,60316,USC00154955,2011-09-01 00:00:00,101.0,75.0,2011,9,1
18438,18438,USW00093821,2011-09-02 00:00:00,101.0,75.0,2011,9,2
18439,18439,USW00093821,2011-09-03 00:00:00,102.0,75.0,2011,9,3
16979,16979,USW00093821,2007-09-04 00:00:00,98.0,66.0,2007,9,4
16980,16980,USW00093821,2007-09-05 00:00:00,99.0,69.0,2007,9,5
15155,15155,USW00093821,2002-09-06 00:00:00,95.0,63.0,2002,9,6
18078,18078,USW00093821,2010-09-07 00:00:00,98.0,68.0,2010,9,7
15157,15157,USW00093821,2002-09-08 00:00:00,97.0,69.0,2002,9,8
15158,15158,USW00093821,2002-09-09 00:00:00,98.0,71.0,2002,9,9
15159,15159,USW00093821,2002-09-10 00:00:00,98.0,71.0,2002,9,10
61041,61041,USC00154955,2013-09-11 00:00:00,93.0,73.0,2013,9,11
61042,61042,USC00154955,2013-09-12 00:00:00,90.0,71.0,2013,9,12
17354,17354,USW00093821,2008-09-13 00:00:00,94.0,75.0,2008,9,13
35705,35705,USW00013810,2018-09-14 00:00:00,93.0,68.0,2018,9,14
18086,18086,USW00093821,2010-09-15 00:00:00,95.0,63.0,2010,9,15
62853,62853,USC00154955,2018-09-16 00:00:00,91.0,71.0,2018,9,16
62131,62131,USC00154955,2016-09-17 00:00:00,89.0,70.0,2016,9,17
32058,32058,USW00013810,2008-09-18 00:00:00,95.0,60.0,2008,9,18
35710,35710,USW00013810,2018-09-19 00:00:00,94.0,70.0,2018,9,19
35711,35711,USW00013810,2018-09-20 00:00:00,95.0,73.0,2018,9,20
18092,18092,USW00093821,2010-09-21 00:00:00,98.0,69.0,2010,9,21
18093,18093,USW00093821,2010-09-22 00:00:00,99.0,73.0,2010,9,22
18094,18094,USW00093821,2010-09-23 00:00:00,97.0,69.0,2010,9,23
18095,18095,USW00093821,2010-09-24 00:00:00,96.0,70.0,2010,9,24
17000,17000,USW00093821,2007-09-25 00:00:00,95.0,74.0,2007,9,25
20654,20654,USW00093821,2017-09-26 00:00:00,91.0,69.0,2017,9,26
20655,20655,USW00093821,2017-09-27 00:00:00,92.0,67.0,2017,9,27
62505,62505,USC00154955,2017-09-28 00:00:00,90.0,63.0,2017,9,28
67449,67449,USC00154958,2014-09-29 00:00:00,87.0,62.0,2014,9,29
18101,18101,USW00093821,2010-09-30 00:00:00,86.0,52.0,2010,9,30
35722,35722,USW00013810,2018-10-01 00:00:00,88.0,60.0,2018,10,1
67452,67452,USC00154958,2014-10-02 00:00:00,89.0,62.0,2014,10,2
35724,35724,USW00013810,2018-10-03 00:00:00,89.0,70.0,2018,10,3
35725,35725,USW00013810,2018-10-04 00:00:00,88.0,72.0,2018,10,4
21028,21028,USW00093821,2018-10-05 00:00:00,92.0,70.0,2018,10,5
62873,62873,USC00154955,2018-10-06 00:00:00,93.0,72.0,2018,10,6
17012,17012,USW00093821,2007-10-07 00:00:00,93.0,69.0,2007,10,7
17013,17013,USW00093821,2007-10-08 00:00:00,93.0,69.0,2007,10,8
18110,18110,USW00093821,2010-10-09 00:00:00,89.0,50.0,2010,10,9
18111,18111,USW00093821,2010-10-10 00:00:00,91.0,52.0,2010,10,10
18112,18112,USW00093821,2010-10-11 00:00:00,90.0,55.0,2010,10,11
17383,17383,USW00093821,2008-10-12 00:00:00,87.0,58.0,2008,10,12
17384,17384,USW00093821,2008-10-13 00:00:00,83.0,60.0,2008,10,13
20672,20672,USW00093821,2017-10-14 00:00:00,85.0,56.0,2017,10,14
17386,17386,USW00093821,2008-10-15 00:00:00,84.0,62.0,2008,10,15
18482,18482,USW00093821,2011-10-16 00:00:00,84.0,48.0,2011,10,16
20310,20310,USW00093821,2016-10-17 00:00:00,86.0,69.0,2016,10,17
20311,20311,USW00093821,2016-10-18 00:00:00,87.0,72.0,2016,10,18
16294,16294,USW00093821,2005-10-19 00:00:00,88.0,50.0,2005,10,19
62164,62164,USC00154955,2016-10-20 00:00:00,87.0,65.0,2016,10,20
17026,17026,USW00093821,2007-10-21 00:00:00,82.0,53.0,2007,10,21
19949,19949,USW00093821,2015-10-22 00:00:00,82.0,55.0,2015,10,22
18124,18124,USW00093821,2010-10-23 00:00:00,81.0,50.0,2010,10,23
18125,18125,USW00093821,2010-10-24 00:00:00,82.0,64.0,2010,10,24
66745,66745,USC00154958,2012-10-25 00:00:00,82.0,54.0,2012,10,25
18127,18127,USW00093821,2010-10-26 00:00:00,80.0,51.0,2010,10,26
19589,19589,USW00093821,2014-10-27 00:00:00,85.0,53.0,2014,10,27
61453,61453,USC00154955,2014-10-28 00:00:00,84.0,53.0,2014,10,28
20322,20322,USW00093821,2016-10-29 00:00:00,84.0,54.0,2016,10,29
62174,62174,USC00154955,2016-10-30 00:00:00,84.0,48.0,2016,10,30
62175,62175,USC00154955,2016-10-31 00:00:00,81.0,54.0,2016,10,31
68213,68213,USC00154958,2016-11-01 00:00:00,86.0,61.0,2016,11,1
20326,20326,USW00093821,2016-11-02 00:00:00,85.0,60.0,2016,11,2
15578,15578,USW00093821,2003-11-03 00:00:00,82.0,55.0,2003,11,3
15579,15579,USW00093821,2003-11-04 00:00:00,81.0,55.0,2003,11,4
61816,61816,USC00154955,2015-11-05 00:00:00,79.0,56.0,2015,11,5
17408,17408,USW00093821,2008-11-06 00:00:00,76.0,45.0,2008,11,6
20331,20331,USW00093821,2016-11-07 00:00:00,76.0,44.0,2016,11,7
16314,16314,USW00093821,2005-11-08 00:00:00,77.0,55.0,2005,11,8
16315,16315,USW00093821,2005-11-09 00:00:00,77.0,53.0,2005,11,9
15220,15220,USW00093821,2002-11-10 00:00:00,79.0,56.0,2002,11,10
18143,18143,USW00093821,2010-11-11 00:00:00,77.0,42.0,2010,11,11
18144,18144,USW00093821,2010-11-12 00:00:00,76.0,41.0,2010,11,12
18145,18145,USW00093821,2010-11-13 00:00:00,74.0,47.0,2010,11,13
18511,18511,USW00093821,2011-11-14 00:00:00,76.0,60.0,2011,11,14
16321,16321,USW00093821,2005-11-15 00:00:00,72.0,50.0,2005,11,15
68228,68228,USC00154958,2016-11-16 00:00:00,70.0,40.0,2016,11,16
68229,68229,USC00154958,2016-11-17 00:00:00,80.0,42.0,2016,11,17
20342,20342,USW00093821,2016-11-18 00:00:00,81.0,52.0,2016,11,18
62194,62194,USC00154955,2016-11-19 00:00:00,79.0,41.0,2016,11,19
17056,17056,USW00093821,2007-11-20 00:00:00,72.0,60.0,2007,11,20
15596,15596,USW00093821,2003-11-21 00:00:00,72.0,47.0,2003,11,21
18154,18154,USW00093821,2010-11-22 00:00:00,76.0,63.0,2010,11,22
15598,15598,USW00093821,2003-11-23 00:00:00,71.0,55.0,2003,11,23
30666,30666,USW00013810,2004-11-24 00:00:00,68.0,40.0,2004,11,24
16696,16696,USW00093821,2006-11-25 00:00:00,70.0,37.0,2006,11,25
60399,60399,USC00154955,2011-11-26 00:00:00,72.0,51.0,2011,11,26
61838,61838,USC00154955,2015-11-27 00:00:00,70.0,48.0,2015,11,27
16334,16334,USW00093821,2005-11-28 00:00:00,71.0,51.0,2005,11,28
16700,16700,USW00093821,2006-11-29 00:00:00,72.0,62.0,2006,11,29
16701,16701,USW00093821,2006-11-30 00:00:00,74.0,53.0,2006,11,30
61487,61487,USC00154955,2014-12-01 00:00:00,72.0,47.0,2014,12,1
18895,18895,USW00093821,2012-12-02 00:00:00,66.0,59.0,2012,12,2
18896,18896,USW00093821,2012-12-03 00:00:00,75.0,63.0,2012,12,3
60761,60761,USC00154955,2012-12-04 00:00:00,75.0,63.0,2012,12,4
61126,61126,USC00154955,2013-12-05 00:00:00,71.0,50.0,2013,12,5
61127,61127,USC00154955,2013-12-06 00:00:00,65.0,30.0,2013,12,6
15978,15978,USW00093821,2004-12-07 00:00:00,68.0,45.0,2004,12,7
19996,19996,USW00093821,2015-12-08 00:00:00,61.0,33.0,2015,12,8
18902,18902,USW00093821,2012-12-09 00:00:00,66.0,50.0,2012,12,9
60767,60767,USC00154955,2012-12-10 00:00:00,64.0,45.0,2012,12,10
17077,17077,USW00093821,2007-12-11 00:00:00,74.0,45.0,2007,12,11
20000,20000,USW00093821,2015-12-12 00:00:00,73.0,62.0,2015,12,12
61854,61854,USC00154955,2015-12-13 00:00:00,73.0,65.0,2015,12,13
20002,20002,USW00093821,2015-12-14 00:00:00,72.0,52.0,2015,12,14
61856,61856,USC00154955,2015-12-15 00:00:00,68.0,48.0,2015,12,15
20004,20004,USW00093821,2015-12-16 00:00:00,66.0,39.0,2015,12,16
16718,16718,USW00093821,2006-12-17 00:00:00,70.0,57.0,2006,12,17
62223,62223,USC00154955,2016-12-18 00:00:00,65.0,26.0,2016,12,18
17451,17451,USW00093821,2008-12-19 00:00:00,69.0,37.0,2008,12,19
19278,19278,USW00093821,2013-12-20 00:00:00,64.0,52.0,2013,12,20
19279,19279,USW00093821,2013-12-21 00:00:00,70.0,60.0,2013,12,21
61143,61143,USC00154955,2013-12-22 00:00:00,69.0,60.0,2013,12,22
20011,20011,USW00093821,2015-12-23 00:00:00,70.0,58.0,2015,12,23
61865,61865,USC00154955,2015-12-24 00:00:00,70.0,56.0,2015,12,24
61866,61866,USC00154955,2015-12-25 00:00:00,68.0,46.0,2015,12,25
20380,20380,USW00093821,2016-12-26 00:00:00,76.0,56.0,2016,12,26
62231,62231,USC00154955,2016-12-27 00:00:00,76.0,44.0,2016,12,27
61869,61869,USC00154955,2015-12-28 00:00:00,69.0,42.0,2015,12,28
61870,61870,USC00154955,2015-12-29 00:00:00,68.0,42.0,2015,12,29
17462,17462,USW00093821,2008-12-30 00:00:00,60.0,32.0,2008,12,30
18193,18193,USW00093821,2010-12-31 00:00:00,68.0,52.0,2010,12,31
